000001,sutherland1997,1
000001,hockey2000,1
000001,mcgann2001,1
000001,schreibman2004,1
000002,king2003,0
000002,alonzo2006,1
000002,glassner2004,0
000002,gee2004,1
000002,frasca2003,0
000002,fable2005,0
000002,ryan2001,1
000002,cowart1977,0
000002,mendelson1978,0
000002,pynchon1964,4
000002,rollings2003,1
000002,salen2004,3
000002,propp1968,1
000002,juul2005,4
000002,zimmerman2004,1
000002,montfort2003,1
000002,campbell1949,2
000002,kucklich2996,0
000002,erickson1996,1
000002,davis1998,0
000002,ulmer2002,0
000002,bolter1999,1
000002,aarseth2000,2
000002,bateman2005,0
000002,eskelinen2004,0
000002,natkin2006,2
000002,szulborski2005,0
000002,tronstad2001,4
000002,frye1957,2
000002,tosca2003,6
000002,jenkins2004,2
000002,neugebauer2006,1
000002,kimbrell2006,1
000002,elder2006,0
000002,losh2006,1
000002,novak2005,1
000002,aarseth2004,2
000002,aarseth1997,1
000002,vogler1998,0
000002,kelly2004,1
000003,bender1994,2
000003,woods1995,1
000003,cobb1997,0
000003,oed2006,0
000003,thomas1999,1
000003,minkel2003,1
000003,about2006a,0
000003,haywood1998,1
000003,bass1999,2
000003,meulen2003,1
000003,bender1986,1
000003,hay1894,1
000003,geertz1973,1
000003,shiroma2000,1
000003,britton1997,1
000003,zhao2004,1
000003,bates2003,1
000003,hinton1860,1
000003,brown2001,1
000003,hunt1997,0
000003,friedman2005,1
000003,public2006,0
000003,novick1988,1
000003,becker1932,0
000003,west2003,1
000003,jessop2004,0
000003,haskell1984,0
000003,kornblith2001,2
000003,songster1850,1
000003,plewe1997,0
000003,about2006,2
000003,green2001,0
000003,ghapery2004,1
000003,karamanski1990,1
000003,borgman2000,1
000003,greenberg1998,2
000003,haskell1977,1
000003,mabry,0
000003,ayers1999,4
000003,murray1997,2
000003,tenopir2004,1
000003,delaney1999,1
000003,historynet2006,1
000003,kelley1978,1
000003,cole1994,3
000003,rosenzweig2003,0
000003,cox1997,1
000004,marvet2006,1
000004,dutt1962,0
000004,hayles2002,0
000004,anderson2003,0
000004,figure04,1
000004,bia2003,0
000004,table1,1
000004,chilton2006,1
000004,figure01,1
000004,rahtz2005,1
000004,figure03,1
000004,figure02,1
000004,dreyfus2003,0
000004,muller1894,1
000005,sinclair2003,1
000005,braffort1984,1
000005,rockwell2003,1
000005,schmid2006,1
000005,ramsay2003,1
000005,queneau1964,1
000005,starynkevitch1990,1
000005,braffortsd,1
000005,reggiani1999,1
000005,motte1986b,1
000005,bergens1975,1
000005,mcgann2001,2
000005,queneau1961,1
000005,oulipo1981,2
000005,olsen1993,1
000005,queneau1965,1
000005,bens1980,6
000005,benabou1980,1
000005,motte1986a,6
000005,khmelev2001,1
000009,rothstein2002,1
000009,jerz2002,2
000009,mcgonigal2007,1
000009,costikyan2007,1
000009,brucker1976,0
000009,crowther2007,2
000009,nps1994,1
000009,example05,1
000009,adams2001b,1
000009,carter2002,2
000009,harrington2007,1
000009,figure19,1
000009,example01,1
000009,gillogly1977,1
000009,figure25,1
000009,anderson1990,1
000009,figure04,1
000009,douglass2007,1
000009,hutcheon1988,2
000009,plotkin1995,1
000009,figure21,2
000009,section04,3
000009,briceno2000,2
000009,ryan2001,2
000009,gilbert2005,2
000009,bloom2002,3
000009,selfe2007,1
000009,hafner1996,1
000009,vanvleck2001,1
000009,herz1997,0
000009,dalenberg2006,1
000009,brucker2005b,0
000009,wilcox1990,1
000009,wilcox2002,1
000009,freeman1975,2
000009,knuth1998,4
000009,juul2005,1
000009,crowther1975,2
000009,brucker2005,2
000009,montfort2003,2
000009,robinett2000,1
000009,example04,1
000009,nelson2001,4
000009,section05,1
000009,kidder1981,1
000009,figure22,1
000009,chaplin2007,1
000009,bennahum1998,1
000009,anderson1985,4
000009,au2002,1
000009,keller2007,0
000009,cordella2001,2
000009,levy1984,3
000009,figure39,2
000009,section03,1
000009,kraley2004,1
000009,crowther1977,6
000009,woods2007,2
000009,mann2004,0
000009,buckles1985,3
000009,figure23,2
000009,turkle1995,1
000009,adams2001c,0
000009,figure40,1
000009,crowther2001,5
000009,cadre2004,1
000009,douglass2006,1
000009,park1994,2
000009,raymond1996,2
000009,section02,2
000009,oneill1990,2
000009,figure38,2
000009,cahill2001,2
000009,crowther1976,39
000009,woods1998,0
000009,adams2001a,1
000009,au2000,1
000009,lawrence2002,4
000009,murray1997,2
000009,gilbert2007,1
000009,brucker2005a,2
000009,hafner1994,3
000009,example02,1
000009,aarseth1997,3
000009,howell1990,1
000009,jerz2000,0
000009,poole2000,3
000009,aarseth2001,1
000009,mann2003,1
000009,toomey199x,1
000009,schwartz1999,1
000009,jerz2005,3
000009,dalenberg2004,1
000009,dibbell2002,1
000009,gamespynd,1
000009,juul2001,0
000009,eskelinen2002,1
000010,downing2000,1
000010,morgan2006,0
000010,marshall1989,0
000010,note14,1
000010,ong2002,2
000010,firth2007,1
000010,eve2004,1
000010,meier1994,1
000010,dollahite2005,1
000010,short2007b,1
000010,anderson2006,1
000010,nelsonnd,0
000010,donahue2002,1
000010,maher2006,2
000010,jerz2001,1
000010,woods2005,0
000010,vansina1985,1
000010,nelson1997,1
000010,short2007a,1
000010,jerz2000b,1
000010,coyne2003,1
000010,jasper2005,0
000010,nepstad2006b,1
000010,elliott1993,1
000010,shiovitz2004a,1
000010,jerz2000a,1
000010,lee2006,1
000010,nelson2007,0
000010,roberts2006,1
000010,roberts2007c,0
000010,nelson2001,7
000010,eve2005,0
000010,montfort2003b,1
000010,lott2004,1
000010,hooker1991,1
000010,powell2006,1
000010,maher2005,0
000010,eve2002,1
000010,roberts2007b,0
000010,shiovitz2004,0
000010,granade2007,1
000010,vaniersel1998,2
000010,moyise2001,1
000010,brasslantern2007,0
000010,cadre1998,1
000010,watts2000,1
000010,stevens2001,1
000010,montfort2003a,7
000010,kopteltsev2006,1
000010,crowther1976,0
000010,reed2005,1
000010,rhoads1982,1
000010,marcus1993,1
000010,berg2004,0
000010,raif2007,1
000010,bates1997,1
000010,nepstad2006a,1
000010,roberts2007a,0
000011,kittler1999,2
000011,bukatman2003,1
000011,marks2000,1
000011,darley2000,1
000011,manovich2001,1
000011,james1989,1
000011,krauss1993,2
000011,crary1990,1
000011,cae2001,1
000011,willis2005,2
000011,greenwald2004,1
000011,enzensberger1974,1
000011,weibel2002,1
000011,cae2002,1
000011,manovich1999,1
000011,lunenfeld2000,2
000011,nichols1991,1
000012,hoover2004b,1
000012,hoover2007,2
000012,sinclair2003,1
000012,faulkner1978,1
000012,louw1993,1
000012,fish1980,9
000012,burrows2002a,1
000012,cooper1840,1
000012,golding1955,2
000012,addison1694,1
000012,trillin1998,1
000012,more1909,1
000012,mcgann2004,7
000012,hoover1999,1
000012,swift1726,1
000012,sinclair2004,2
000012,bnc2001,0
000012,shillingsburg2006,0
000012,burrows2002b,2
000012,morris1895,1
000012,hoover2004a,2
000012,chomsky1975,3
000012,chomsky2000,2
000012,sampson2005,3
000012,boswell1791,1
000012,bradford,1
000012,dickens1858,1
000012,chomsky1986,1
000012,goldfield2006,1
000012,halliday1981,0
000012,pope1715,1
000012,hume1748,1
000012,griffith1896,1
000012,hoover2006,5
000012,burrows2007,1
000012,davies2007,0
000012,bosworth1898,1
000012,biber1995,1
000012,hoover2004c,1
000012,stubbs1996,1
000015,gille1986,2
000015,bush1928,0
000015,stiegler1998,0
000015,bush1939,4
000015,bush1945,10
000015,dennett1993,1
000015,bush1967,5
000015,spar2001,2
000015,meyrowitz1991,1
000015,nelson1991,2
000015,bush1933,3
000015,beniger1986,3
000015,bush1970,14
000015,weaver1950a,1
000015,bush1963,0
000015,oren1991,1
000015,nyce1991,31
000015,shurkin1996,4
000015,hayles1993,0
000015,mindell2000,1
000015,bush1959,13
000015,vandam1999,2
000015,burke1991,14
000015,farkas-conn1990,1
000015,weaver1950,0
000015,nelson1999,1
000015,hatt1968,1
000015,hayles1999,2
000015,guattari1995,1
000015,bagg1961,1
000015,eldredge2004,2
000015,owens1991,15
000015,hartree2000,2
000015,delanda1994,5
000015,wells1938,1
000015,hazen1940,1
000015,smith1991,2
000015,ziman2003,1
000015,ceruzzi1998,5
000015,edwards1997,1
000015,engelbart1999,1
000015,bush1965,3
000016,rockwell2004,1
000016,willinsky2004,1
000016,quamen2008,1
000016,warwick2006,1
000016,shapiro1996,2
000016,chambers2006,0
000016,mla2006,2
000016,tei2008,1
000016,cca2006,2
000016,shapiro2001,0
000016,hayles2007,1
000016,selber2004,1
000016,warwick2007,1
000017,nelson2005,1
000017,strickland2007,0
000017,montfort2007,0
000017,kendall2007,0
000017,hayles2008,1
000017,rettberg2007,0
000017,hayles2003,0
000017,hayles2007,0
000017,hayles2007a,0
000018,simanowski2007,3
000018,baetens2003,1
000018,murray1995,1
000018,peterson2006,1
000018,reas2007,2
000019,lynch2001,1
000019,elkins1999,1
000019,bearman2005,1
000019,note14,1
000019,barrett1989,1
000019,aberer2004,1
000019,eakins1999,1
000019,bush1945,1
000019,unsworth2001,2
000019,vygotsky1976,1
000019,oreilly2006,1
000019,chen2005,1
000019,wyman2006,2
000019,attneave1950,1
000019,heylighen1999,1
000019,loran2006,1
000019,santini2001,1
000019,kirsch1984,1
000019,goodman1988,2
000019,finch1974,0
000019,salomon1996,1
000019,panofsky1970,1
000019,nauta1993,1
000019,jorgensen1999,2
000019,jenny2000,1
000019,wolfflin1950,1
000019,tufte1998,0
000019,ross2004,1
000019,bra2004,1
000019,huijsmans1999,1
000019,shatfordlayne2002,1
000019,hutchins1995,1
000019,baca2005,1
000019,batschmann1986,1
000019,ahn2006,1
000019,wenger2002,0
000019,stahl2006,2
000019,sierra2007,1
000019,nauta2001,1
000019,stubenrauch1993,1
000023,acls2006,1
000023,monroy2007,1
000023,boschetti2007,1
000023,bamman2007,1
000023,crane2005,1
000023,riva2005,1
000023,csomai2006,1
000023,sankar2006,1
000023,blanke2006,1
000023,busa1974,1
000023,romanello2008,1
000023,fitzpatrick2007,1
000023,figure05,1
000023,crane2000,1
000023,agosti2007,1
000023,jones2007,1
000023,pritchard2008,1
000023,bl2008,0
000023,figure04,1
000023,tobin2008,1
000023,schroeter2007,1
000023,crane2006c,1
000023,marshall2008,1
000023,gietz2006,1
000023,bamman2006,1
000023,borin2007,1
000023,plaisant2006,1
000023,genereux2006,1
000023,buckland2007,1
000023,vandenbranden2007,1
000023,dekhytar2006,1
000023,lally2007,1
000023,geleijnse2007,1
000023,kelly2006,1
000023,crane2007,2
000023,garrett2006,1
000023,luce2008,1
000023,dimitriadis2006,1
000023,chi2007,1
000023,hyman2008,1
000023,bradley2008,1
000023,audenaert2008,1
000023,kraft2005,1
000023,robinson2005,1
000023,figure01,1
000023,krowne2003,1
000023,lu2008,1
000023,arms2007,1
000023,figure03,1
000023,culotta2005,1
000023,elings2007,1
000023,crane2006a,1
000023,sperberg1994,1
000023,cantara2006,1
000023,simeoni2007,1
000023,smith2001,1
000023,figure07,1
000023,figure02,1
000023,kolak2008,1
000023,don2007,1
000023,hockxyu2006,1
000023,porter2006,1
000023,schilit2008,1
000023,shirky2008,1
000023,gold2007,1
000023,figure08,1
000023,cosley2006,1
000023,lagoze2006,1
000023,kirschenbaum2007,1
000023,heilman2008,1
000023,bia2006,1
000023,rosenzweig2006,1
000023,moalla2006,1
000023,ponzetto2007,1
000023,vangendt2006,1
000023,figure06,1
000023,dalbello2006,1
000023,gatos2006,1
000023,veltman1999,1
000023,vlachos2006,1
000023,ganchev2007,1
000023,trnkoczy2006,1
000023,robinson2000,1
000023,united1880,1
000023,crane2006b,1
000023,busa1980,1
000024,mahaffy1881,1
000024,mcdorman2004,1
000024,hanlon2005,1
000024,malachowski2003,1
000024,allen1889a,0
000024,allen1902,0
000024,willison2007,1
000024,robillard2006,1
000024,thomas2008,1
000024,tei2004,0
000024,comparetti1901,1
000024,jacoby2004,1
000024,elliott,1
000024,allen1907,0
000024,nagy2004,1
000024,ishiyama2002,1
000024,pleasant2003,1
000024,finkel2001,1
000024,roger2003,1
000024,norcia2008,1
000024,lopatto2006,1
000024,cartledge1985,1
000024,stephens2005,1
000024,mahoney2003,0
000024,allen1900,0
000024,christesen2007,1
000024,allen1889,0
000024,sperberg-mcqueen2004,1
000024,allen1896,0
000024,allen1890,0
000024,merkel2003,1
000024,wilson2003,1
000024,allen1890a,0
000024,allen1889b,0
000024,blackwell2004,1
000024,allen1904,0
000024,grobman2007,1
000024,versnel1992,2
000024,crane1996,1
000024,kinkead2003,1
000024,allen1931,4
000024,allen1899,0
000024,hu2007,1
000024,oxford1996,1
000024,oates,1
000025,reynolds1991,1
000025,hornblower1996,0
000025,most1999,1
000025,winchester2003,1
000025,herrin1996,1
000025,dionisotti1990,1
000025,adler1928,0
000025,macdowell1995,1
000025,damrosch2006,1
000025,cancick2002,0
000025,pfeiffer1999,0
000025,henderson1998,1
000025,finkel2000,1
000025,rydberg-cox2006,1
000025,zecchini1999,1
000025,mccarty2002,1
000025,dickey2007,2
000025,boyer1990,2
000025,gibson2002,1
000026,robertson2004,1
000026,example01,1
000026,carrera2002,1
000026,figure05,1
000026,clark1992,1
000026,allen1983,1
000026,robertson2006,1
000026,figure04,1
000026,drucker,1
000026,nakahira2007,1
000026,smith2002,1
000026,example04,1
000026,figure01,2
000026,thaller1991,1
000026,figure03,2
000026,robertson2002,1
000026,example03,2
000026,figure02,4
000026,carrera2005,1
000026,example02,1
000026,crane2006,1
000027,rydberg-cox2003,1
000027,opencontent,1
000027,figure04,1
000027,seattle2005,0
000027,crane1998,1
000027,bbc2005,1
000027,price-wilkin1997,1
000027,crane1991,1
000027,rydberg-cox2005,2
000027,archimedes,1
000027,reddy2006,1
000027,googlebooks,1
000027,archimedestemplates,1
000028,glossary,1
000028,dindorf1875,0
000028,nagy2004,1
000028,dickey2007,1
000028,vanthiel,0
000029,reynolds1991,1
000029,aland2005,1
000029,vanhoutte2007,3
000029,thaller2004,2
000029,due2002,1
000029,nagy1996a,1
000029,desmedt2002,1
000029,foley1991,1
000029,monella2008,1
000029,lord1995,2
000029,janko1982,1
000029,parry1971,2
000029,dahlstrom2000,3
000029,nagy2004,3
000029,due2006,1
000029,nagy2000,1
000029,robinson2005,4
000029,ulman2006,1
000029,allen1924,2
000029,nagy1996b,1
000029,kiernan2005,2
000029,robinson2004,1
000029,vanhulle2004,3
000029,due2001b,1
000029,monroy2002,3
000029,sherratt1990,1
000029,lord1960,4
000029,greg1955,1
000029,stringer1999,2
000029,foley1995,1
000029,lord1991,1
000029,loranger1999,1
000029,nagy2002,1
000029,foley1999,1
000029,allen1931,1
000029,due2004,1
000029,watkins1995,1
000029,porter2007,1
000029,due2001a,6
000030,reynolds2007,0
000030,cameron1984,1
000030,clark1999,0
000030,dagron1984,1
000030,unsworth2004,1
000030,smith2004,1
000030,bos2007,0
000030,vangroningen1932,1
000030,clark1999a,0
000030,panciera1991,1
000030,bodard2007,0
000030,colin2007,0
000030,bray2006,0
000030,elliott2007,0
000030,roueche2004,0
000031,goodchild2004,1
000031,scaife1999,1
000031,unsworth2000,1
000031,nadeau2008,0
000031,elliott2008a,1
000031,geoweb2007,0
000031,tilkov2007,1
000031,babeau2007,1
000031,rohs2007,0
000031,hansen2004,1
000031,pritchard2008,1
000031,boll2008,1
000031,genoni2005,1
000031,gregory2002,1
000031,fee2008,1
000031,bell2008,1
000031,knowles2002,1
000031,crawford2008,1
000031,hill2006,3
000031,guthrie2008,1
000031,smith2005,1
000031,ohazama2007,1
000031,putz1994,1
000031,shadbolt2006,1
000031,bhasker2007,1
000031,smith2002,2
000031,peuquet2002,1
000031,rydberg-cox2007,1
000031,sterling2007,1
000031,welshons2007,2
000031,asadi2007,1
000031,shaalan2008,1
000031,schutzberg2007,1
000031,boast2007,1
000031,fabricius1888,1
000031,scaife2006,1
000031,kozareva2006,1
000031,kiepert1878,1
000031,smith2002a,1
000031,ratliff2007,0
000031,mohr1997,1
000031,knowles2008,1
000031,foss2007,1
000031,stodle2007,1
000031,crane2006a,1
000031,wilson2007,1
000031,crane2001,1
000031,goodchild2007a,0
000031,executive_order_12906,1
000031,smith2001,2
000031,hartzler1998,0
000031,chavez1999,1
000031,berlind2007,1
000031,turner2006,1
000031,carlson2007,0
000031,petrou2007,1
000031,goodchild2007,1
000031,elliott2006,1
000031,cohen2008,1
000031,talbert1992,1
000031,gillies2008,1
000031,executive_order_13286,1
000031,kiepert1881,1
000031,elliott2008b,1
000031,miller2007,1
000031,figure1,1
000031,mohammed2002,1
000031,hudson-smith2008,1
000031,elliott2008,1
000031,dunn2008,1
000031,lucarelli2007,1
000031,czerwinski2006,1
000031,bunbury1883,1
000031,buckland2004,2
000031,syme1995,1
000031,mostern2008,1
000031,office2000,1
000031,crane2006b,1
000031,boonstra2004,1
000031,figure2,1
000031,sahin2007,1
000031,badger2007,1
000031,spiro2008,1
000031,crane2006,1
000031,nadeau2006,1
000031,kiepert1902,1
000032,glossary3,1
000032,matthews1972,1
000032,huffman2007,1
000032,finkel2002,1
000032,glossary6,1
000032,table4,1
000032,finkel2007a,2
000032,evans1989,1
000032,figure3,1
000032,glossary2,1
000032,glossary7,1
000032,table2,2
000032,blevins2006,1
000032,glossary5,1
000032,finkel2007b,3
000032,figure4,1
000032,anderson1992,1
000032,corbett1993,1
000032,glossary1,1
000032,figure1,1
000032,zwicky1985,1
000032,finkel2008,1
000032,glossary4,1
000032,blevins2005,1
000032,table3,1
000032,stump2001,1
000032,figure2,1
000033,penn,1
000033,freund1840,1
000033,giza,1
000033,bamman2007,1
000033,elexiko,1
000033,tll,1
000033,charniak2000,1
000033,brants2006,1
000033,lesk1986,1
000033,mcdonald2005,1
000033,fig03,2
000033,mihalcea2004,1
000033,niermeyer1976,1
000033,bamman2008,2
000033,melcuk1988,1
000033,pinkster1990,1
000033,pdt,1
000033,old,1
000033,fig02,1
000033,thomisticus,1
000033,nivre2006,1
000033,gale1992,2
000033,mccarthy2004,1
000033,brown1991,2
000033,lsj,0
000033,grozea2004,1
000033,fig01,3
000033,lewisshort,1
000033,miller1993,1
000033,fig07,1
000033,busa2004,1
000033,schutz1895,1
000033,sinclair1987,1
000033,collins1999,1
000033,wordnet,1
000033,moore2002,1
000033,tufis2004,1
000033,andrews1850,1
000033,fig04,1
000033,singh2005,1
000033,bourne1916,1
000033,kilgarriff2004,1
000033,banerjee2002,1
000034,crane2008,1
000034,crane2005,1
000034,figure9,1
000034,figure14,1
000034,bollacker1998,1
000034,lin2008,1
000034,figure5,2
000034,figure10,2
000034,figure21,1
000034,ramel2007,1
000034,biber1993,1
000034,figure18,1
000034,figure3,1
000034,figure15,2
000034,figure22,1
000034,figure11,1
000034,crane2006a,1
000034,smith2001,1
000034,hall1913,1
000034,schmid2008,1
000034,figure4,1
000034,cheng2001,1
000034,mimno2007,1
000034,cheng2002,1
000034,don2007,1
000034,doerr2008,1
000034,lu2007,1
000034,schilit2008,1
000034,douglas2003,1
000034,fitschen2008,1
000034,figure12,1
000034,figure1,1
000034,figure16,1
000034,stewart2007,1
000034,kyrillidou2008,1
000034,faure2007,1
000034,marinai2007,1
000034,figure20,2
000034,lavoie2005,1
000034,figure13,1
000034,crane2006b,1
000034,figure2,1
000034,reynaert2008,1
000034,crane2006,1
000035,ernst-gerlach2008,1
000035,pantel2002,1
000035,marchionini1994,1
000035,bamman2007,1
000035,crane2005,1
000035,sankar2006,1
000035,marchionini2000,1
000035,johnson2007,1
000035,romanello2008,1
000035,eder2007,1
000035,jones2007,1
000035,pritchard2008,1
000035,byrne2007,1
000035,martin1996,1
000035,hockx-yu2006,1
000035,smith2008,1
000035,bamman2008,1
000035,grafton2007,1
000035,petrelli2006,1
000035,dekhtyar2006,1
000035,bamman2006,1
000035,liu2007,1
000035,carpuat2005,1
000035,monella2008,1
000035,nadeau2007,1
000035,berti2007,1
000035,panitch2005,1
000035,ide1998,1
000035,dawkins1976,1
000035,vonhumboldt1821,1
000035,pouliquen2003,1
000035,robinson2005,1
000035,campbell2006,1
000035,raymond1987,1
000035,pomerantz2007,1
000035,feng2006,1
000035,atkins2003,0
000035,turing1950,1
000035,giles2005,1
000035,kaufman2007,1
000035,derrida1981,1
000035,zavlavsky2001,1
000035,crane1991,1
000035,emerson1971,1
000035,vonranke1973,1
000035,lu2007,1
000035,deng2006,1
000035,porter2006,1
000035,schilit2008,1
000035,bankier2008,1
000035,shirky2008,0
000035,foxe1965,1
000035,rosenzweig2006,1
000035,cardey2006,1
000035,toselli2007,1
000035,packard1973,1
000035,mccown2005,1
000035,hahn2008,1
000035,parrott2004,1
000035,schreibman2003,1
000035,mobley1998,1
000035,crane2006,1
000037,rosenberg2007,1
000038,kretzschmar1992,1
000038,kretzschmar2002a,1
000038,kretzschmar2004,1
000038,kirk1991,1
000038,figure05,1
000038,figure04,1
000038,figure10,1
000038,kretzschmar1996a,1
000038,mcsparran2000,1
000038,lee1993,1
000038,figure09,1
000038,kretzschmar2005b,1
000038,kretzschmar2003,1
000038,figure01,1
000038,kretzschmar1988,1
000038,figure11,1
000038,figure03,1
000038,kretzschmar1996b,1
000038,figure07,1
000038,figure02,1
000038,kretzschmar1994,1
000038,kretzschmar2006,1
000038,figure08,2
000038,figure12,1
000038,figure06,1
000038,kretzschmar1997,1
000038,kretzschmar2002b,1
000038,kirk1992,1
000038,kretzschmar2005a,1
000039,figure05,1
000039,figure04,1
000039,figure09,1
000039,figure11,1
000039,appendix,1
000039,figure03,1
000039,pgwde2007,1
000039,pierazzo2007,1
000039,flanders2007,1
000039,pgw1976,1
000039,bryant2006,1
000039,landow1992,2
000039,figure12,1
000039,wiki2007,1
000039,landow1991,1
000039,figure13,1
000039,bryant2000,1
000040,acls2006,1
000040,nora,0
000040,mandell,0
000040,wwp,0
000040,warwick2006,0
000040,brown2006,1
000040,disclaimer,1
000040,tenopir2003,0
000040,wiberley2000,0
000040,figure01,1
000040,harley2006,0
000040,eaves,0
000040,brown2006a,0
000040,internet_library1999,1
000040,figure02,1
000040,wiberley1991,0
000040,bryant2006,1
000040,levine-clark2007,0
000040,dnb2004,0
000040,hayles2003,0
000040,oed2007,2
000040,crane,0
000040,warwick2004,1
000040,montagu1993,1
000040,macdonald,1
000041,argamon2006,1
000041,ramsay2005,1
000041,crane2006,1
000042,koppel2002,1
000042,tannen1994,1
000042,table06,1
000042,table05,2
000042,olsen2005,6
000042,philomine2007,1
000042,stein,0
000042,joachims1999,1
000042,treetagger,0
000042,svmlight,0
000042,artfl2008,1
000042,argamon2003,5
000042,olsen2004,5
000043,koppel2002,1
000043,svm_light,0
000043,zanni2006,1
000043,philologic2007,1
000043,ruiz1998,1
000043,appendix6,1
000043,appendix7,1
000043,zanghirati2003,1
000043,appendix1,1
000043,appendix2,1
000043,appendix3,1
000043,philomine2007,1
000043,weka3,0
000043,parallel_gpdt,0
000043,joachims1999,1
000043,bldr2005,1
000043,argamon2003,2
000044,blanchard2002,1
000044,hoyt1965,1
000044,anderson1984,1
000044,lough1973,1
000044,schwab1971,1
000044,hand2001,1
000044,andreev1999,1
000044,morrissey2001,1
000044,brian1998,1
000044,leca-tsiomis1999,1
000044,witten2005,1
000044,proust1995,1
000045,mcgann2001,1
000045,hayles2002,1
000045,birkerts1994,0
000045,gates1987,0
000046,coover1992,0
000046,profession2007,0
000046,hayles2006,0
000046,bootz2006,0
000046,eskelinen2004,0
000046,coover1999,0
000046,kaiser2005,1
000046,aarseth1997,0
000046,hayles2007,1
000046,nea2007,1
000047,americansouth2002,1
000047,deleuze1987,1
000049,goffman1981,2
000049,munsterberg1909,1
000049,billinghurst2002,1
000049,ccs2007,1
000049,bauerlein2007,1
000049,liang2005,1
000049,crary1999,1
000049,cole2007,2
000049,benjamin1986,1
000049,meyrowitz1985,1
000049,winner2009,1
000049,page2005,1
000049,edmundson2008,1
000049,billinghurst2007,1
000049,thaler2008,2
000049,thaler2008a,0
000049,lanham1997,1
000049,harry2008,1
000049,simmel1971,1
000049,lanham2006,2
000050,unsworth2006,0
000050,zorich2008,0
000050,udl,0
000051,shillingsburg1996,1
000051,current2007,1
000051,marcus1996,1
000051,mckenzie1985,1
000051,warren1989,2
000051,greetham1992,1
000051,shillingsburg2006,1
000051,given2005,1
000051,robinson2005,1
000051,mcgann1983,1
000051,obama2008,1
000051,where2004,1
000051,robinson1996,1
000051,mcleod1982,1
000051,weitenberg2007,1
000051,sperberg1996,1
000051,robinson1997,1
000051,shaw2006,1
000051,robinson2000,1
000052,erdman1988,0
000052,preston2005,0
000052,bielstein2006,0
000052,bindman,1
000052,howard2006,0
000052,eaves2006,0
000052,misic2002a,1
000052,thomas2007,1
000052,mihm2006,0
000052,waal,0
000052,cerf2008,1
000052,claburn2008,1
000052,wikipedia,1
000052,jaschik2008,1
000052,misic2002b,1
000052,child2006,1
000052,robinson1993,2
000052,william,0
000052,misic2003,1
000052,fuchs,1
000053,emerson,1
000053,yakel2003,0
000053,folsom1982,1
000053,higginson1903,1
000053,beckett1970,0
000053,folsom1999,2
000053,shillingsburg2006,2
000053,folsom2007,1
000053,beckett1969,0
000053,macneil2005,0
000053,queneau1961,1
000053,palmer2004,2
000053,whitman1978,1
000053,price2007,1
000053,mcgann2007,1
000053,allen1963,1
000053,stauffer2007,1
000053,hindus1955,1
000053,light2002,0
000053,reynolds1995,1
000054,peckham1975,1
000054,shillingsburg2006,1
000054,marten1975,1
000054,siemens2005,1
000054,elliott2005,1
000054,shillingsburg,1
000054,peckham1977,1
000055,liu2003,2
000055,flanders1999,0
000055,liu2004,0
000055,shillingsburg1993,0
000055,mla2002,2
000055,unsworth2002,4
000063,davis2002,3
000063,shakespeare2005,0
000063,stanley2005,1
000063,farabaugh2007,1
000063,schultz2001,1
000063,figure05,1
000063,read2007,2
000063,figure04,1
000063,davidson2008,0
000063,hilton2006,1
000063,lanier2006,3
000063,trimbur1989,6
000063,schroeder2008,3
000063,calandra2005,4
000063,dwight2003,2
000063,figure01,1
000063,jameson1981,1
000063,figure03,1
000063,robinson2004,2
000063,pennell2008,1
000063,desilets2005,1
000063,fullbrook2002,1
000063,figure07,1
000063,mason2007,3
000063,figure02,1
000063,brent1997,1
000063,radway2004,1
000063,zuern2004,1
000063,figure06,1
000063,ulin2007,2
000063,martin2008,2
000063,davis2001,2
000063,weiner2007,0
000064,hillmann2005,1
000064,wwwc1999a,1
000064,dilauro2005,4
000064,nelson2005,1
000064,shirky2005,1
000064,loc2008,1
000064,renear2001,1
000064,seaman2003,1
000064,wwwc1998,1
000064,bosak1998,1
000064,shreeves2005,1
000064,keith2005,1
000064,bosak1999,1
000064,kendall2007,1
000064,akrich1992,2
000064,wwwc1999b,1
000064,loc2006,1
000064,kott2006,1
000064,irs2007,1
000064,berkeley1997,1
000064,example1,1
000064,figure1,1
000064,bosak1997,1
000064,hurley1999,1
000064,goodger2001,1
000064,littmann2006,1
000065,knorr1999,1
000065,alexander2006,1
000065,humanist19052,1
000065,rockwell2004,1
000065,humanist17111,1
000065,rockwell2003,2
000065,sterne2006,1
000065,renear2004,1
000065,jessop2007,1
000065,schreibman2004,0
000065,desmedt2002,1
000065,terras2006,4
000065,humanist60362,1
000065,hockey2004,3
000065,mcgann2004,0
000065,ratto2006,1
000065,klein1996,1
000065,kiernan1991,1
000065,kirschenbaum2004,1
000065,llc232,1
000065,mcgann2001,2
000065,humanist60357,1
000065,burnard2002,1
000065,mccarty2005,3
000065,llc233,1
000065,humanist21436,1
000065,blackwell2004,1
000065,drucker2004,1
000065,llc241,1
000065,busa2004,1
000065,flanders2002,1
000065,mcgann2006,2
000065,juola2008,1
000065,witmore2006,1
000065,dhq2007,1
000065,humanist18001,1
000065,humanist21469,1
000065,aarseth1997,1
000065,balsamo2000,2
000065,rockwell2002,1
000065,mccarty1996,1
000065,humanist18615,1
000065,mccarty,1
000065,zweig1998,1
000065,llc234,1
000066,williams1997,1
000066,ryan2001,2
000066,manovich2001,2
000066,duguid1996,0
000066,rabinowitz1998,1
000066,klein1975,1
000066,morabito1986,1
000066,kucklichs2007,2
000066,rehak2003,6
000066,stephenson2000,1
000066,lacan2004,2
000066,norman1988,2
000066,booth1983,1
000066,lara,0
000066,bolter2003,1
000066,mcluhan1994,0
000066,wark2004,1
000066,breukelaar2002,1
000066,wark2007,3
000066,murray1997,6
000066,aarseth2004,4
000066,turkle2005,1
000066,aarseth1997,1
000066,heidegger1996,1
000066,zizek2004,2
000066,evans1996,1
000067,gibson1979,1
000067,unsworth2005,0
000067,nielsen2000,1
000067,weiss2005,1
000067,figure05,1
000067,vicente2002,1
000067,figure04,1
000067,feldman1997,1
000067,shneiderman2001,1
000067,hascoët1998,1
000067,ramsay,0
000067,ramsay2003,1
000067,rodden2001,1
000067,figure09,1
000067,bumgardner2005,1
000067,horton,0
000067,small1996,1
000067,unsworth2004,1
000067,bederson2001,1
000067,karvonen2000,1
000067,ruecker2005,1
000067,kirschenbaum,0
000067,pirolli1996,1
000067,hockey2000,1
000067,figure03,1
000067,horn1998,1
000067,dillon2001,1
000067,figure07,1
000067,ruecker2003,1
000067,figure02,1
000067,ruecker2006,1
000067,plaisant2004,1
000067,figure08,1
000067,figure06,1
000068,charniak1985,2
000068,racer2005,2
000068,zw2006a,2
000068,stevens2000,1
000068,shirky2005,2
000068,lungen2007,3
000068,nieragden1995,2
000068,noy2001,3
000068,pl1991,1
000068,cimiano2006,1
000068,gruber1993,1
000068,benjamins1999,1
000068,baader2003b,0
000068,zw2007b,1
000068,table1,1
000068,propp1968,1
000068,noy1997,1
000068,halpern2005,1
000068,meister1999,1
000068,antoniou2003,2
000068,figure01,1
000068,veltman2004,2
000068,nardi2003,1
000068,figure03,2
000068,table2,1
000068,gomez2004,1
000068,smith2007,1
000068,zw2008,2
000068,sirin2007,1
000068,zw2006b,3
000068,baader2003a,3
000068,zw2007a,0
000068,ziegler2004,1
000068,figure02,1
000068,mccarty2005,1
000068,berthold2003,1
000068,renear2006,1
000068,haarslev2004,2
000068,greimas1971,1
000068,fisher2006,1
000068,jannidis2004,2
000068,tsarkov2006,1
000068,puppe2000,1
000068,noy2003,1
000068,farrar2002,2
000069,oppenheim1964,1
000069,lanham1991,1
000069,welsford1966,1
000069,bentley1732,3
000069,grivelet1956,1
000069,gross2001,2
000069,manetti1993,5
000069,rye2003,1
000069,fishbane1989,1
000069,franklin2001,1
000069,ceruzzi2000,1
000069,searls2001,7
000069,ramsay2003,6
000069,carroll,1
000069,kac1999,1
000069,mahood1957,2
000069,jones1948,1
000069,hoenigswald1987,4
000069,borgman2007,3
000069,ohara1996,0
000069,salemans1996,1
000069,stoppard1997,3
000069,greg1924,1
000069,poole2002,1
000069,figure01,1
000069,cameron,1
000069,thomas2007,1
000069,kay2000,1
000069,figure03,1
000069,berg2001,1
000069,ramsay2007,4
000069,tedlock2000,2
000069,grier2005,1
000069,abrams1953,1
000069,spolsky2002,1
000069,sewell1952,2
000069,hall1913,2
000069,bell1999,1
000069,kenney1974,1
000069,hoenigswald1963,2
000069,figure02,1
000069,johnson1765,1
000069,aitchison2003,5
000069,nisbet1991,1
000069,bottero2001,1
000069,mcgann1991,1
000069,thacker2004,1
000069,housman1921,1
000069,steiner1998,2
000069,goodman1976,0
000069,darwin1871,1
000069,kraus2002,1
000069,tarrant,1
000069,mcleod1983,1
000069,woolfson2005,1
000069,kirschenbaum2008,2
000069,ohara1993,2
000070,nicholas2006,1
000070,section_3.2,1
000070,huntington2007,1
000070,adams1995,1
000070,campop2006,1
000070,impedovo1993,1
000070,perkyns1991,1
000070,winkler2001,0
000070,itic2003,1
000070,perkyns1993,1
000070,ucl2006a,1
000070,reid2006,0
000070,mcgraw1989,1
000070,ep1996,1
000070,sauleau2005,0
000070,crocket2006,2
000070,davies2005,0
000070,kingston2006,1
000070,terras2006,1
000070,mcgraw1990,1
000070,shadbolt1990,1
000070,tilley2003a,1
000070,woollard1997,1
000070,mansfield2006,1
000070,garrett2006,0
000070,ahrc2006,1
000070,lloyd2004,1
000070,hc1992,2
000070,ucl2006b,1
000070,fleury1956,0
000070,gutmann1977,0
000070,robey2006,1
000070,hc2006,2
000070,fure2000,0
000070,newcombe1988,0
000070,hc1994,2
000070,nitsch2006,0
000070,iso2005,2
000070,mills1989,1
000070,dunn2009,1
000070,dillon2001,1
000070,winchester1970,0
000070,tilley2003b,1
000070,prdh2000,1
000070,anderson2001,1
000070,dunn1946,0
000070,stallings2008,1
000070,blaikie2005,0
000070,warwick2008,1
000070,inman2002,1
000070,ahds2005,0
000070,bbc2004,1
000070,higgs2005,1
000070,schurer2002,6
000070,burnett1980,0
000070,garrett2003,0
000070,section_3.3,3
000070,riedel2007,1
000070,stallings2005,1
000070,tillot1972,1
000070,brodlie2004,1
000070,holmes2006,1
000070,ahds2006,1
000070,ahds2004,0
000070,section_4,2
000070,davies2006,1
000070,katz1972,0
000071,kiernan1997,1
000071,ainsworth,0
000072,kotsiopoulos2003,2
000072,dunn2007,2
000072,oasis2007,0
000072,whitbread2007,1
000072,ieee1990,1
000072,kernighan1988,1
000072,krafzig2004,3
000072,jisc2007,3
000072,parnas1972,1
000072,syed2006,1
000072,lientz1980,1
000072,szyperski2002,1
000072,brooks1987,1
000072,iso2002,1
000072,deroure2008,2
000072,peltz2003,1
000072,swanson1976,1
000072,w3c2005,0
000072,bennett2001a,1
000072,naur1969,1
000072,brereton1999,1
000072,cnmat2007,1
000072,bennett2001b,1
000074,hargreaves1982,1
000074,foucault1979,1
000074,snow1959,1
000074,sporton2007,1
000074,kuhn1962,1
000075,wineburg1991,3
000075,willinsky2007,1
000075,willinsky2003,1
000075,schreibman2004,1
000075,alexander2003,0
000075,siemens,0
000075,chen2006,1
000075,afflerbach1990,1
000075,pressley1995,0
000075,twomey2007,0
000075,kopak2006,0
000075,tapor,0
000075,stanitsek2005,1
000075,wineburg1998,1
000075,wyatt1993,2
000075,windschuttle1997,0
000076,kittler1999,2
000076,gibson1979,1
000076,galloway2008,1
000076,phelan1993,1
000076,ahrc2007,1
000076,manovich2002,1
000076,delahunta2002,1
000076,birringer1999,1
000076,century2005,1
000076,giannachi2007,1
000076,melville1851,1
000076,dixon2007,1
000076,bergson1912,1
000076,piccini,1
000076,haraway1998,1
000076,ricoeur1999,1
000076,poindexter2002,1
000076,derrida1995,0
000076,connolly2002,1
000076,butler1990,1
000076,leatherbarrow2002,1
000076,flynn2002,1
000076,imperiale2000,1
000076,ahds2006,1
000076,bolter2000,1
000077,src2009b,1
000077,doaj2009,1
000077,borgmanetal2007,1
000077,marchionini1994,1
000077,bates1995,1
000077,hypercities2009,2
000077,jaschik2009,1
000077,ucps2009,1
000077,gray2005,1
000077,ukda2009,1
000077,iath2009,1
000077,szalay2008,1
000077,borgman2008,3
000077,monastersky2005,1
000077,ebird2009,1
000077,choudhury2008,1
000077,pea2003,1
000077,creative2009,1
000077,rome2009,2
000077,foster2009,1
000077,hamma2009,2
000077,doar2008,1
000077,duguid2007,1
000077,facts2005,1
000077,choudhury2007,1
000077,ukrc2009,1
000077,lynch1995,1
000077,dhm2009,1
000077,swaw3c2009,1
000077,hey2009,2
000077,oaip2009,1
000077,smith2002,1
000077,borgman2007,7
000077,samuelson2009,1
000077,crane2007,1
000077,pb2009,1
000077,cyber2007,3
000077,anderson2004,1
000077,eprints2010,1
000077,ivanhoe2009,1
000077,sherpa2009,1
000077,jpmc2000,1
000077,ayres2004,1
000077,rmoais2002,1
000077,nunberg2009,1
000077,bates1996b,1
000077,perseus2009,2
000077,willinsky2009,1
000077,mass2006,2
000077,bollen2008,1
000077,sloan2006,2
000077,friedlander2008,1
000077,reedijk2008,1
000077,mith2009,1
000077,atkins2003,2
000077,davidspence2003,1
000077,bell2009,1
000077,jsah2009,0
000077,friedlander2009,4
000077,scheiner2004,1
000077,lynch2003,1
000077,arch2004,1
000077,atkins2007,2
000077,manovich2009,1
000077,crane2001,1
000077,nctm2009,1
000077,digging2009,1
000077,bates1993,1
000077,arzberger2004,1
000077,greenstein2004,1
000077,kanfer2000,1
000077,case2006,1
000077,siegfried1993,1
000077,vanhouse2004,1
000077,drucker2009,2
000077,opened2009,1
000077,rpe2009,1
000077,bates1996a,1
000077,thierstein2009,1
000077,ninch2002,1
000077,cronin2005,1
000077,ucgbs2009,1
000077,jaschik2008,1
000077,presner2009,2
000077,wiberley2003,1
000077,oerc2009,1
000077,effect2009,1
000077,sc2009,1
000077,presner2010,4
000077,borgman2000,2
000077,olson2000,1
000077,mahoney2002,1
000077,wiberley1994,1
000077,edwards2007,0
000077,hoofnagle2009,1
000077,tibbo2003,1
000077,ainsworth2009,1
000077,case2009,1
000077,save2009,1
000077,oca2009,1
000077,borgman2009,1
000077,frischer2009,2
000077,king2006,1
000077,arxiv2009,1
000077,src2009a,1
000077,ecai2009,1
000077,rice2008,1
000077,lynch2002,4
000077,willinsky2006,1
000077,baker2009,1
000077,cclearn2009,1
000077,thl2009,1
000077,panstarrs2009,1
000077,buckland1991,1
000077,borgman1999,1
000077,poe2001,1
000077,stone1982,1
000077,oecd2007,1
000077,adho2009,1
000077,unsworth2006,3
000077,david2003,1
000077,bailey2005,1
000077,llddc2005,1
000077,whalen2009,4
000077,gray2002,1
000077,opencit2009,0
000077,crane2006,1
000077,galison1997,1
000077,vectors2009,1
000077,kurtz2010,1
000078,blanke2009,1
000078,fraser2005,1
000078,foster2002,1
000078,goble2006,0
000078,blanke2009a,3
000078,buyya2005,1
000078,walton2005,1
000078,kintigh2006,1
000078,hand2007,1
000078,yeo2007,1
000078,foster1999,1
000079,anderson2007,1
000079,blanke2009,1
000079,dunn2009,1
000079,svensson2009,1
000080,knorr1999,0
000080,janlert2000,1
000080,dhq2010b,1
000080,meloni2009,1
000080,ish2008,1
000080,hall2008,1
000080,sterne2005,1
000080,boyd2009,1
000080,mcpherson2007,1
000080,preemptivemedia,1
000080,croxall2009,1
000080,schnapp2009,3
000080,parry2010,1
000080,kroker2008,2
000080,davidson2008,3
000080,empyre,1
000080,iath,1
000080,schreibman2004,1
000080,cch2006,1
000080,aoir,1
000080,french2009a,0
000080,mactavish2006,2
000080,wiberg2005,1
000080,ippolito2009,2
000080,svensson2009a,5
000080,ratto2006,2
000080,stone2005,3
000080,vectors2006a,1
000080,rabkin2006,1
000080,manovich2009a,1
000080,golden2010,1
000080,bradley2008,1
000080,juhasz2009,1
000080,mcpherson2008,1
000080,drucker2009b,1
000080,kirschenbaum2004,1
000080,navas2009,1
000080,mccarty2010,1
000080,french2009b,1
000080,haylesa,3
000080,shanks2008,1
000080,ihde2003,1
000080,unsworth1999,1
000080,peters2009,1
000080,rockwell2008,1
000080,mcpherson2009b,1
000080,dhq2010a,2
000080,klein1990,2
000080,braudy2006,1
000080,vectors2006b,1
000080,hunsinger2005,2
000080,zorich2008,2
000080,drucker2009a,6
000080,haylesb,1
000080,woodward2009,1
000080,pliny2006,1
000080,bell2007,1
000080,presner2009,1
000080,mcgonigal2008,1
000080,daniel2007,1
000080,svensson1998,1
000080,svensson2009b,1
000080,shrum2005,1
000080,presner2010,1
000080,actlab,2
000080,bolter2003,1
000080,lamarre2010,2
000080,howard2009,1
000080,mcpherson2009a,4
000080,silver2006,1
000080,mcgann2002,1
000080,golumbia2009,1
000080,brown2009,0
000080,laue2004,1
000080,sinclair2002,1
000080,douglass2009,1
000080,manovich2009b,2
000080,vectors2004,1
000080,davidson2009,1
000080,simanowski2009,0
000080,lovgren2004,1
000080,davidson2004,1
000080,raley2009,3
000080,manifesto,1
000080,sinclair2002a,1
000080,mccarty2009,1
000080,kagan2009,1
000080,stockholm1998,1
000080,hastac,1
000080,galison1997,2
000080,livingstone2003,1
000081,vandam1987,6
000081,bush1945,1
000081,barnet2005,0
000081,barnet2008,2
000081,wolf1995,1
000081,wardrip2003,1
000081,nyce1991,0
000081,vandam1999,25
000081,nelson1999,5
000081,barnet2007,0
000081,owens1991,1
000081,derose1999,3
000081,barnet2006,1
000081,carmody1967,4
000081,childress1998,1
000081,ceruzzi1998,1
000081,conklin1987,1
000081,engelbart1999,1
000082,burnard2005,2
000082,barolini2007,1
000082,vanhoutte2003,1
000082,morras1999,1
000082,langacker1987,1
000082,giaveri1993,1
000082,vetter2003,2
000082,zeller1975,1
000082,gigliozzi1998,1
000082,ferrer2002,2
000082,austin1976,1
000082,lisa2004,1
000082,benozzo2004,1
000082,brockbank1991,1
000082,edelman2006,1
000082,mordenti1992,1
000082,shillingsburg2006,1
000082,buzzetti2002,1
000082,ciotti2005,1
000082,giuliani2006,1
000082,burnard2010,1
000082,figure01,2
000082,mckenzie1986,1
000082,formigari2001,1
000082,sornicola2005,1
000082,sperber1996,1
000082,cerquiglini1989,1
000082,burnard2007,2
000082,mcgann2001,1
000082,lernout1996,1
000082,tennison2009,1
000082,schreibman2002,1
000082,figure02,4
000082,pierazzo2007,1
000082,ferrer1995,2
000082,martiradonna2004,1
000082,bart2006,1
000082,bushell2007,1
000082,magrelli1996,2
000082,vanhoutte2006,1
000082,hockey1988,1
000082,bauman2005,1
000082,pregogine1988,3
000082,lebrave1991,1
000082,johnsen2007,1
000082,renear2005,2
000083,acls2006,0
000083,mcgann2005,1
000083,ramsay2003,1
000083,bradley2003,1
000083,mla2006,0
000083,ahrc2006,1
000083,summit2005,1
000083,kenny1991,0
000083,unsworth2003,1
000083,schreibman2007b,1
000083,mccarty2005,1
000083,schreibman2007a,1
000083,ramsay2005,1
000083,unsworth2007,0
000083,schreibman2003,1
000084,hicks1834,1
000084,riemer2009,1
000084,aeri2009,1
000084,sternfeld2009,1
000084,drucker2009,1
000084,greene2005,1
000086,urban1972,0
000086,marcus1996,2
000086,young2009,1
000086,hoffman1986,0
000086,jensen1983,1
000086,staley2002,1
000086,jensen1971,0
000086,guernsey1997,1
000086,achtenberg1974,1
000086,plotkin2003,1
000086,urban1975,0
000087,kittler1999,1
000087,hayles2002,2
000087,aarseth2003,1
000087,funkhouser2007,1
000087,hansen2004,1
000087,liu2004,1
000087,drucker2007,1
000087,manovich2001,1
000087,hansen2006,1
000087,douglas2000,1
000087,hayles2005,1
000087,kittler1990,1
000087,mcgann2001,1
000087,glazier2002,2
000087,hayles1999,1
000087,hayles2008,15
000087,aarseth1997,1
000087,manovich2008,1
000087,kirschenbaum2008,13
000088,figure10,1
000088,thames2009,1
000089,ledecky2000,1
000089,figure05,1
000089,tanselle1989,2
000089,figure04,1
000089,dalenberg2006,1
000089,montfort2003,1
000089,figure01,4
000089,table01,1
000089,shakespeare1878,1
000089,smiraglia1992,2
000089,jerz2007,2
000089,figure03,1
000089,samuels1989,1
000089,figure02,1
000089,renear2006,1
000089,ifla1997,5
000089,shelley1903,1
000089,table02,1
000089,thibodeau2002,2
000089,dec1987,1
000089,svenonius2000,1
000089,powers2000,0
000090,brooks1999,1
000090,colomina2001,1
000090,svensson2010,3
000090,merkel1999,1
000090,europeanroadmap2006,1
000090,sterne2005,1
000090,mitchell2003,2
000090,bentkowska2007,1
000090,merriam2010,1
000090,erickson2000,1
000090,williams2008,1
000090,svensson2003,1
000090,rockwell2010a,5
000090,turner2009,1
000090,edwards2009,1
000090,terras2009,3
000090,turner2005,1
000090,borgman2007,3
000090,martin2005,3
000090,ratto2006,2
000090,fallmann2007,1
000090,franklin2008,1
000090,humlabblog2006,0
000090,rockwell2010b,2
000090,atkins2003,4
000090,burnette1994,1
000090,hass2001,1
000090,figure03,1
000090,mccarthy2001,3
000090,dourish1992,1
000090,lehmann2009,1
000090,roper1991,1
000090,hey2008,1
000090,drucker2009a,1
000090,grafton2009,1
000090,nsf2010,1
000090,gonsalvez2000,1
000090,kirschenbaum2010,1
000090,friedberg2006,3
000090,bowker2005,1
000090,bolter2003,1
000090,brand1995,1
000090,bowker1999,1
000090,defanti2009,1
000090,blackwell2009,1
000090,flanders2002,1
000090,src2007,1
000090,cummings2008,1
000090,bonnett2008,1
000090,green2007,1
000090,russett2009,1
000090,manovich1995,3
000090,unsworth2006,3
000090,svensson2009,1
000090,jamieson2000,1
000090,buren2010,1
000090,livingstone2003,1
000091,skeels2008,1
000091,wells2008,1
000091,jones2008,1
000091,lynch1988,1
000091,lochlann2010,1
000091,shneiderman2005,1
000091,latour1986,1
000091,anderson2008,1
000091,porter1995,1
000091,knorr1990,1
000091,carden,1
000091,griethe2006,1
000091,maceachren2005,1
000091,anderson2007,1
000092,simmel1964,1
000092,oconnell1997,1
000092,benjamin1968,2
000092,vidor1928,2
000092,halper1933,21
000092,lukacs1971,1
000092,walzer1992,1
000092,dospassos1953,5
000092,barth1980,0
000092,burrows1999,0
000092,inarritu2006,1
000092,maine1988,2
000092,jameson1997,1
000092,clark1982,0
000092,huyssen1986,1
000092,hicks1935,0
000092,krupnick1979,0
000092,howells2001,0
000092,rabinowitz1991,1
000092,fincher2010,1
000092,pizer1982,0
000092,halper1934,0
000092,foley1993,7
000092,burger1984,0
000092,bakhtin1981,2
000092,barbusse1969,1
000092,durkheim1997,1
000092,halper1937,0
000092,herbst1939,1
000092,rollins1934,0
000092,jameson1988,2
000092,castells1996,1
000092,benjamin1978,1
000092,gaghan2005,0
000092,soderbergh2000,1
000092,stott1973,2
000092,hart1980,2
000092,scott2006,0
000092,decerteau1988,1
000092,denning1996,1
000092,federalwritersproject1982,0
000092,jameson1981,1
000092,brevda1996,3
000092,farrell1936,1
000092,cohen2003,1
000092,debord1994,2
000092,chabot1997,1
000092,singer1995,1
000092,luddington1980,0
000092,weimarrepublicsourcebook1995,1
000092,sherman1933,1
000092,halper1970,0
000092,carver1975,0
000092,cowley1969,0
000092,hicks1974,3
000092,szalay2000,1
000092,fuchs1961,7
000092,sandel1996,1
000092,wald1978,1
000092,mumford1938,0
000092,hardt2001,1
000092,seaver1930,4
000092,bordwell2007,1
000092,hanley2004,0
000092,sharistanian1984,1
000092,ben2004,1
000092,lang1927,0
000092,trotsky1971,1
000092,cowan1982,0
000092,krafchick1988,1
000092,federalwritersproject1984,1
000092,hardt2004,0
000092,capra1936,1
000092,dospassos1960,3
000092,gelfand1975,1
000092,hapke2001,1
000092,latour2005,0
000092,norris1986,0
000092,harding2003,1
000092,weber1978,0
000092,wagner1979,1
000093,sproull1991,0
000093,dunne2005,2
000093,rideout1962,0
000093,ingram1971,2
000093,cayton2007,0
000093,bakhtin1965,1
000093,stouck1969,1
000093,nagel2001,2
000093,galloway2004,0
000093,ciancio1972,0
000093,benjamin2004,0
000093,mencken1919,0
000093,haraway2004,0
000093,jones1919,1
000093,chambers2006,0
000093,suvin1972,1
000093,benjamin2002,7
000093,oed,4
000093,masters1915,0
000093,shaviro2003,4
000093,hemingway1926,0
000093,bordwell2006,2
000093,broun1919,1
000093,howard2008,0
000093,fussell1960,1
000093,cowley1960,2
000093,bassett2006,0
000093,castellucci1998,3
000093,spiller1972,0
000093,enniss1990,0
000093,hayles1999,1
000093,barthes1974,0
000093,spencer1969,0
000093,andersonm1919,2
000093,castells2004,2
000093,toomer1923,0
000093,marcus2008,1
000093,frost1942,0
000093,faulkner1938,0
000093,mchale2006,1
000093,galloway2007,3
000093,granholm1962,3
000093,halliwell2004,1
000093,sontag1966,1
000093,love2008,2
000093,bakhtin1984,0
000093,gniadek2005,1
000093,kazin1982,0
000093,andersons1919,43
000094,denning1997,7
000094,josephson1932,1
000094,dospassos1932,5
000094,sartre1947,1
000094,kadlec2004,2
000094,sartre1960,5
000094,tichi1987,1
000094,dospassos1936,4
000094,dospassos1930,1
000094,bordwell2008,1
000094,cowley1936,1
000094,cowley,1
000094,sinclair1930,1
000094,irr1998,2
000094,phillips1992,2
000094,jameson1971,1
000094,bourne1916,0
000094,ludington1980,4
000096,solomons1896,2
000096,whittier1999,0
000096,shannon1949,1
000096,bush1945,2
000096,vandusen1996,0
000096,gonzalez2004,1
000096,schwenger2001,1
000096,times1944,1
000096,shenk1997,1
000096,greenspan1999,1
000096,norton2004,1
000096,hazlitt1944,1
000096,stein1984,17
000096,castells2000,1
000096,stein,1
000096,wikipedia,2
000096,whittier2001,2
000096,stein1990,4
000096,dydo2003,1
000096,bbc1945,1
000096,stein1974,1
000096,meyer2001,1
000096,will2004,1
000097,bourne1916,1
000097,bell2002,1
000097,landow1994,2
000098,munroe2009,1
000098,brown2010,3
000098,thornton1996,7
000098,neef2006,1
000098,gitelman1999,1
000098,tanenbaum2009,2
000098,johnston1939,1
000098,derrida1982,2
000098,whalen2008,1
000098,mcgill1997,1
000098,oed1989,1
000098,marion1993,1
000098,mcshea2010,1
000098,dibbell2001,1
000098,drucker1997,1
000098,mcmahan2003,1
000098,myers2003,3
000098,jerz2007,1
000098,galloway2006,3
000098,alt2002,1
000098,wikipedia2010b,1
000098,eve2007,0
000098,montfort2004,3
000098,tringali2009,2
000098,harpold2009,1
000098,eskelinen2001,1
000098,kashtan2011,0
000098,bolter2003,2
000098,wikipedia2010a,1
000098,birkerts2006,3
000098,barton2008,2
000098,boym2002,2
000098,montfort2005,0
000098,plamondon2000,2
000098,kirschenbaum2008,2
000099,coover1992,1
000099,rosenberg1968,1
000099,gallix2008,1
000099,mcnamara2007,1
000099,aciman2009,1
000099,zuern2009,1
000099,greenberg1960,1
000099,burger1984,1
000099,stefans2000,2
000099,eloai2010,0
000099,wardrip2009,1
000099,rich2008,1
000099,rosenberg1996,1
000099,foster1996,1
000099,pressman2008,2
000099,miller1998,0
000099,raley2002,1
000099,ricardo2009,1
000099,biggs2007,1
000099,marinetti1909,1
000099,koskimaa2010,1
000099,rancière2004,2
000099,bigelow2008,0
000099,rettberg2008,2
000099,drucker2005,1
000100,virilio1997,2
000100,mcluhan1992,1
000100,ovid1999,1
000100,detienne1978,0
000100,agamben2007,2
000100,virilio2003,0
000100,pound1996,1
000100,blanchot1981,1
000100,virilio1999,6
000100,britt2008,1
000100,arendt1978,0
000100,huizinga1950,1
000100,abrams1971,0
000101,short2003,0
000101,wikipedia2009,1
000101,mitchell1994,1
000101,loizeaux2008,3
000101,hollander1995,1
000101,short2009,2
000101,gaudreault2009,1
000101,heffernan2004,3
000101,koelb2006,3
000101,krieger1992,1
000101,drucker2002,1
000101,figure05,2
000101,chang2004,1
000101,baggett1994,0
000101,figure04,1
000101,douglass2007,9
000101,whalen2008,1
000101,chatman2004,1
000101,dibbell2001,1
000101,short2008,1
000101,montfort2000,1
000101,short2000,0
000101,nelson2001,1
000101,jerz2007,1
000101,mitchell1990,3
000101,eve2007,5
000101,blank1980,1
000101,schwenger1999,2
000101,bond2006,2
000101,mccloud1993,1
000101,ingold2000,1
000101,bolter2003,1
000101,wolf2002,2
000101,short2002,0
000101,wettlaufer2003,1
000101,mcgann1991,1
000101,wolf1997,1
000101,montfort2005,7
000101,aarseth1997,3
000101,loguidice2004,1
000101,salen2003,1
000101,mitchell2009,1
000102,hayles1999b,5
000102,ball2004,1
000102,kittler1999,5
000102,hayles2002,1
000102,strain2004,1
000102,mitchell2003,1
000102,kendrick2001,3
000102,drucker2002,2
000102,mitchell2008,1
000102,grusin1996,1
000102,haraway2004,1
000102,burgess2003,2
000102,hansen2006,3
000102,mcgann2004,2
000102,strain2003,2
000102,easterling1992,1
000102,andersen2004,3
000102,hayles2005,3
000102,gutierrez,0
000102,wardrip2009,1
000102,hansen2000,3
000102,hockey2000,3
000102,coover2002,1
000102,pickering1995,1
000102,latour1993,1
000102,hocks2003,3
000102,coover2008,1
000102,mccarty2005,1
000102,tuana2001,2
000102,ifbook,0
000102,markley2001,2
000102,ogorman2005,1
000102,latour1999,1
000102,vannatta2005,1
000102,aarseth1997,4
000102,bolter2000,2
000102,hayles1999a,3
000102,ogorman2006,2
000102,kirschenbaum2008,1
000103,bull2005,4
000103,ong2002,1
000103,knowltona,1
000103,amazon,2
000103,miall2001,1
000103,greenetal2004,4
000103,khaled2010,1
000103,bogost2007,1
000103,harvey2000,1
000103,rober2006,1
000103,greenspan2011,1
000103,micallef2003,1
000103,knowltonb,1
000103,bherer2009,0
000103,ryan1980,1
000103,pressman2007,1
000103,evans2010,1
000103,hayles2005,1
000103,benton2000,1
000103,hight2010,1
000103,philips2007,2
000103,bernstein2003,1
000103,whitson2008,1
000103,gerrig1993,1
000103,lovlie2009,2
000103,emmott1998,1
000103,schafer2010,0
000103,eaket2008,1
000103,raley2010,3
000103,giles2009,1
000103,proboscis,1
000103,klima2006,0
000103,ryan2004,1
000103,galloway2010,3
000103,green2004,1
000103,murray1997,1
000103,mitchell1996,1
000103,boluk2011,0
000103,spellman2004,1
000103,barr2008,1
000103,marin1984,2
000103,rueb2005,0
000103,rueb1996,0
000103,rothbauer2009,0
000103,pope2006,1
000104,howe2011,1
000104,michel2011,1
000104,wardrip-fruin2009,1
000104,battelle2006,1
000104,nunberg2009,1
000104,lethem2007,1
000104,watts2010,1
000104,goldsmith2003,1
000104,beckett1995,0
000104,bosker2010a,0
000104,beckett1964,1
000104,diski2011,1
000104,montaigne1910,1
000104,bosker2010b,1
000104,shields2010,1
000105,freud1965,1
000105,gochenour2006,0
000105,brooks2010,1
000105,bush1945,2
000105,licklider1968,2
000105,bush1944,1
000105,feldman2008,1
000105,barthes1972,0
000105,flusser2005,1
000105,mcculloch1943,3
000105,koppe1983,6
000105,bogost2006,1
000105,baran1964,1
000105,foucault1982,1
000105,cohen2010,1
000105,abraham2002,2
000105,bey1991,1
000105,waldrop2001,2
000105,licklider1960,1
000105,hayles2010,1
000105,wolfe2000,1
000106,moretti2000,1
000106,waltzer2010,2
000106,flanders2009,2
000106,bergmann2011,0
000106,kirschenbaum2010b,1
000106,ramsay2010,1
000106,mcgann2009,1
000106,ramsay2009,1
000106,young2009,1
000106,jones2010,1
000106,surname2009,0
000106,bauerlein2010,2
000106,graff2009,1
000106,krause2010,1
000106,fitzpatrick2009,1
000106,drucker2003,1
000106,brier2010,1
000106,mcgann1997,0
000106,mcgann2001,1
000106,mcgann2010,1
000106,nowviskie2010,1
000106,kirschenbaum2010a,1
000106,carr2010,2
000106,eliot1994,1
000106,latham2004,4
000106,bauerlein2008,1
000106,ramsay2011,1
000106,bergmann2010,1
000106,austen2005,8
000106,parry2009,2
000106,liu2009,1
000107,cohen2005,1
000107,TOGAF2006,2
000107,ACLS2006,1
000107,hughes2004,1
000107,scheinfeldt2010,1
000107,zachman1987,1
000107,black2001,1
000107,times2011,1
000107,bamboo2008,2
000107,copeland2006,1
000107,kirschenbaum2007,2
000107,willinsky2006,1
000107,williams2007,1
000107,davidson2009,1
000107,bradwell2009,1
000108,kittler1999,0
000108,noland1999,0
000108,ulmer2003,0
000108,nichols2009,1
000108,saper2010,0
000108,brown1951,0
000108,mcgann2009,1
000108,brown1932,0
000108,brown1931,1
000108,stein1955,0
000108,mcgann2000,0
000108,shaviro2003,0
000108,feal2009,1
000108,saper2009,0
000108,ford1980,0
000108,simanowski2010,1
000108,boyle1968,0
000108,watten2003,0
000108,dworkin1999,0
000108,kittler1990,0
000108,perloff1991,0
000108,drucker1996,0
000108,carruthers1998,2
000108,ford1987,0
000108,mcgann2001,5
000108,brown1952,0
000108,nancy2005,1
000108,north2002,0
000108,petrucci1999,0
000108,kostelanetz1991,0
000108,clough2009,1
000108,brown2009,0
000108,stallybrass2007,4
000108,descombes1980,1
000108,butler2004,0
000108,mcgann1993,0
000108,dworkin2003,0
000108,ulmer1987,0
000108,north2005,0
000108,paulson1988,0
000108,johns1937,0
000108,rasula1998,0
000109,norman2010,1
000109,hayles2002,0
000109,krauss1999,0
000109,negroponte1995,1
000109,haraway1991,0
000109,vicas1998,1
000109,klein2004,0
000109,bal1999,0
000109,bal2000,0
000109,purgar2006,0
000109,lambert2004,0
000109,glazier2002,1
000109,hayles1999,0
000109,murray2008,0
000109,deleuze1993,0
000109,kurzweil2001,1
000109,calabrese1992,0
000109,eliot1921,0
000109,ndalianis2004,0
000109,thacker2008,1
000110,aguado2009,1
000110,friesen2009,1
000110,pirandello1990,1
000110,cubitt2005,1
000110,mcquail2010,1
000110,purcell2006,1
000110,bauman2007,1
000110,liewrouw2009,1
000110,beck2000,1
000110,morley2007,1
000110,harvey1990,2
000110,bolter1996,1
000110,buckingham2008,1
000110,deuze2007,1
000110,lash2002,1
000110,castells2007,0
000110,manovich2001,0
000110,foucault1984,1
000110,jenkins2006,1
000110,sloterdijk2004,1
000110,kittler2009,0
000110,maturana1997,1
000110,deblock2010,0
000110,boyd2008,0
000110,garnham2000,1
000110,bauman2000,1
000110,castells2001,1
000110,downing2007,1
000110,dejong2006,0
000110,hjardvard2008,2
000110,wellman2002,3
000110,bennett2008,2
000110,postmes1998,1
000110,sennett2006,1
000110,strate2006,1
000110,bennett2008b,0
000110,zizek2006,0
000110,context2002,1
000110,arthur2009,1
000110,ecar2008,1
000110,duncombe2007,2
000110,hearn2008,2
000110,couldry2004,1
000110,castells2009,1
000110,inglehart2000,1
000110,boyd2007,0
000110,inglehart1997,1
000110,montgomery2009,2
000110,bauman2006,1
000110,hartley2000,1
000110,lundby2009,1
000110,paprocki2009,1
000110,ecar2010,1
000110,jameson1991,1
000110,nietzsche1977,2
000110,bauman2009,3
000110,canclini2001,1
000110,bolin2009,0
000110,lifescreen,1
000110,larvalsubjects,1
000110,silverstone2007,1
000110,habuchi2005,1
000110,rainie2010,0
000110,urry2007,0
000110,luhmann2000,1
000110,giddens1991,1
000110,kittler1998,1
000110,kittler1996,1
000110,thompson1995,2
000110,hesmondhalgh2008,3
000110,bauman2005,1
000110,bruns2005,1
000110,rasmussen2000,1
000110,zizek2008,2
000110,beck1992,1
000110,bbc,1
000110,habermas2001,1
000110,levy1997,1
